Patient_ID,readmitted
P1,0
P2,1
P3,1
P4,0
P5,0
P6,1
P7,0
P8,1
P9,0
P10,1
P11,1
P12,1
P13,1
P14,0
P15,0
P16,0
P17,0
P18,0
P19,0
P20,1
P21,1
P22,1
P23,0
P24,0
P25,0
P26,1
P27,1
P28,0
P29,1
P30,0
P31,0
P32,0
P33,1
P34,0
P35,1
P36,1
P37,1
P38,0
P39,1
P40,1
P41,0
P42,1
P43,0
P44,1
P45,1
P46,0
P47,1
P48,1
P49,1
P50,1
P51,1
P52,0
P53,1
P54,0
P55,1
P56,1
P57,0
P58,1
P59,0
P60,0
P61,1
P62,0
P63,1
P64,0
P65,1
P66,0
P67,1
P68,0
P69,0
P70,1
P71,0
P72,0
P73,1
P74,0
P75,1
P76,1
P77,1
P78,1
P79,1
P80,1
P81,0
P82,1
P83,0
P84,0
P85,0
P86,0
P87,0
P88,1
P89,0
P90,0
P91,0
P92,1
P93,1
P94,1
P95,0
P96,1
P97,1
P98,0
P99,0
P100,1
P101,1
P102,0
P103,1
P104,1
P105,1
P106,0
P107,0
P108,1
P109,1
P110,1
P111,1
P112,0
P113,1
P114,0
P115,1
P116,1
P117,0
P118,1
P119,1
P120,0
P121,0
P122,1
P123,0
P124,1
P125,0
P126,0
P127,0
P128,1
P129,1
P130,0
P131,1
P132,0
P133,0
P134,0
P135,0
P136,0
P137,0
P138,1
P139,0
P140,1
P141,1
P142,0
P143,0
P144,0
P145,1
P146,0
P147,1
P148,0
P149,0
P150,0
P151,1
P152,1
P153,0
P154,1
P155,0
P156,1
P157,1
P158,0
P159,1
P160,0
P161,0
P162,1
P163,1
P164,0
P165,0
P166,0
P167,1
P168,1
P169,0
P170,0
P171,1
P172,0
P173,1
P174,0
P175,1
P176,0
P177,0
P178,0
P179,1
P180,1
P181,1
P182,0
P183,0
P184,1
P185,0
P186,1
P187,1
P188,1
P189,1
P190,1
P191,1
P192,1
P193,1
P194,0
P195,0
P196,0
P197,0
P198,0
P199,1
P200,0
P201,1
P202,1
P203,0
P204,1
P205,1
P206,0
P207,1
P208,0
P209,1
P210,0
P211,0
P212,0
P213,1
P214,0
P215,0
P216,1
P217,0
P218,0
P219,1
P220,0
P221,0
P222,1
P223,1
P224,1
P225,1
P226,1
P227,0
P228,1
P229,1
P230,0
P231,1
P232,0
P233,1
P234,0
P235,0
P236,1
P237,0
P238,1
P239,1
P240,0
P241,1
P242,1
P243,1
P244,0
P245,0
P246,1
P247,1
P248,0
P249,0
P250,1
P251,1
P252,1
P253,0
P254,0
P255,1
P256,1
P257,1
P258,1
P259,1
P260,1
P261,1
P262,1
P263,1
P264,0
P265,0
P266,1
P267,1
P268,0
P269,1
P270,1
P271,0
P272,1
P273,1
P274,0
P275,0
P276,1
P277,0
P278,1
P279,0
P280,1
P281,0
P282,0
P283,1
P284,0
P285,0
P286,0
P287,1
P288,1
P289,0
P290,1
P291,1
P292,0
P293,0
P294,1
P295,1
P296,0
P297,0
P298,1
P299,0
P300,0
P301,1
P302,1
P303,0
P304,0
P305,1
P306,0
P307,1
P308,0
P309,0
P310,1
P311,0
P312,1
P313,0
P314,0
P315,0
P316,0
P317,0
P318,1
P319,1
P320,1
P321,0
P322,0
P323,0
P324,0
P325,1
P326,1
P327,1
P328,0
P329,1
P330,0
P331,1
P332,1
P333,0
P334,0
P335,0
P336,0
P337,0
P338,0
P339,0
P340,0
P341,0
P342,1
P343,1
P344,1
P345,1
P346,0
P347,1
P348,0
P349,1
P350,1
P351,0
P352,0
P353,1
P354,0
P355,0
P356,0
P357,0
P358,0
P359,0
P360,0
P361,0
P362,1
P363,1
P364,1
P365,1
P366,1
P367,0
P368,1
P369,1
P370,0
P371,0
P372,0
P373,1
P374,1
P375,0
P376,0
P377,1
P378,0
P379,1
P380,0
P381,1
P382,1
P383,0
P384,1
P385,1
P386,1
P387,0
P388,1
P389,1
P390,1
P391,0
P392,0
P393,0
P394,0
P395,1
P396,1
P397,0
P398,0
P399,1
P400,1
P401,0
P402,1
P403,1
P404,1
P405,1
P406,1
P407,0
P408,0
P409,0
P410,1
P411,1
P412,1
P413,0
P414,1
P415,0
P416,0
P417,0
P418,0
P419,0
P420,1
P421,1
P422,0
P423,1
P424,0
P425,1
P426,0
P427,1
P428,0
P429,1
P430,0
P431,0
P432,1
P433,0
P434,0
P435,0
P436,0
P437,0
P438,1
P439,1
P440,1
P441,0
P442,0
P443,1
P444,1
P445,1
P446,1
P447,1
P448,0
P449,0
P450,1
P451,1
P452,0
P453,0
P454,0
P455,0
P456,1
P457,1
P458,0
P459,1
P460,1
P461,1
P462,0
P463,1
P464,0
P465,1
P466,0
P467,0
P468,1
P469,1
P470,1
P471,0
P472,0
P473,1
P474,0
P475,1
P476,1
P477,0
P478,1
P479,0
P480,0
P481,1
P482,0
P483,0
P484,0
P485,1
P486,0
P487,1
P488,0
P489,0
P490,0
P491,1
P492,0
P493,0
P494,0
P495,1
P496,1
P497,1
P498,0
P499,1
P500,0
P501,0
P502,0
P503,1
P504,1
P505,0
P506,1
P507,0
P508,0
P509,1
P510,0
P511,0
P512,0
P513,1
P514,0
P515,1
P516,0
P517,1
P518,1
P519,1
P520,0
P521,0
P522,1
P523,1
P524,1
P525,1
P526,0
P527,0
P528,1
P529,1
P530,1
P531,0
P532,0
P533,1
P534,1
P535,0
P536,0
P537,0
P538,0
P539,0
P540,0
P541,1
P542,0
P543,0
P544,1
P545,1
P546,0
P547,0
P548,1
P549,0
P550,1
P551,0
P552,1
P553,1
P554,0
P555,1
P556,1
P557,0
P558,1
P559,0
P560,0
P561,0
P562,0
P563,0
P564,1
P565,1
P566,1
P567,0
P568,1
P569,0
P570,0
P571,0
P572,1
P573,1
P574,1
P575,1
P576,0
P577,0
P578,1
P579,1
P580,1
P581,0
P582,1
P583,1
P584,1
P585,1
P586,0
P587,0
P588,0
P589,0
P590,1
P591,0
P592,1
P593,1
P594,1
P595,1
P596,1
P597,0
P598,0
P599,1
P600,0
P601,0
P602,0
P603,1
P604,1
P605,0
P606,0
P607,1
P608,1
P609,1
P610,0
P611,1
P612,1
P613,0
P614,1
P615,0
P616,0
P617,1
P618,1
P619,1
P620,1
P621,0
P622,0
P623,1
P624,0
P625,0
P626,1
P627,1
P628,1
P629,0
P630,1
P631,1
P632,1
P633,0
P634,0
P635,0
P636,1
P637,1
P638,0
P639,1
P640,0
P641,1
P642,0
P643,0
P644,0
P645,1
P646,0
P647,0
P648,0
P649,0
P650,0
P651,1
P652,0
P653,0
P654,1
P655,0
P656,1
P657,1
P658,0
P659,0
P660,1
P661,1
P662,1
P663,0
P664,1
P665,1
P666,1
P667,1
P668,0
P669,1
P670,0
P671,0
P672,1
P673,0
P674,1
P675,1
P676,0
P677,0
P678,1
P679,1
P680,1
P681,1
P682,0
P683,0
P684,1
P685,1
P686,1
P687,0
P688,0
P689,0
P690,1
P691,1
P692,0
P693,1
P694,1
P695,0
P696,1
P697,1
P698,1
P699,0
P700,1
P701,0
P702,0
P703,0
P704,1
P705,1
P706,1
P707,0
P708,1
P709,1
P710,0
P711,0
P712,1
P713,1
P714,0
P715,0
P716,1
P717,0
P718,0
P719,0
P720,1
P721,0
P722,0
P723,0
P724,1
P725,1
P726,0
P727,0
P728,1
P729,1
P730,1
P731,0
P732,1
P733,1
P734,1
P735,0
P736,0
P737,1
P738,0
P739,0
P740,1
P741,1
P742,0
P743,1
P744,0
P745,0
P746,0
P747,0
P748,0
P749,1
P750,1
P751,0
P752,0
P753,0
P754,1
P755,1
P756,0
P757,1
P758,0
P759,0
P760,1
P761,0
P762,1
P763,1
P764,1
P765,1
P766,1
P767,1
P768,0
P769,0
P770,1
P771,0
P772,1
P773,0
P774,0
P775,1
P776,1
P777,1
P778,0
P779,0
P780,1
P781,0
P782,1
P783,1
P784,0
P785,1
P786,1
P787,1
P788,0
P789,0
P790,1
P791,1
P792,1
P793,0
P794,0
P795,1
P796,1
P797,0
P798,0
P799,1
P800,0
P801,1
P802,0
P803,1
P804,0
P805,0
P806,1
P807,0
P808,1
P809,1
P810,0
P811,1
P812,1
P813,0
P814,0
P815,1
P816,1
P817,1
P818,0
P819,1
P820,1
P821,1
P822,0
P823,0
P824,0
P825,1
P826,0
P827,0
P828,1
P829,1
P830,0
P831,0
P832,1
P833,0
P834,0
P835,1
P836,0
P837,1
P838,1
P839,0
P840,1
P841,0
P842,0
P843,0
P844,0
P845,1
P846,1
P847,1
P848,1
P849,0
P850,1
P851,0
P852,0
P853,0
P854,0
P855,0
P856,0
P857,0
P858,1
P859,1
P860,1
P861,1
P862,0
P863,0
P864,0
P865,0
P866,0
P867,1
P868,0
P869,0
P870,1
P871,1
P872,0
P873,0
P874,0
P875,0
P876,0
P877,1
P878,1
P879,1
P880,0
P881,0
P882,1
P883,1
P884,1
P885,0
P886,1
P887,1
P888,1
P889,1
P890,1
P891,1
P892,0
P893,1
P894,0
P895,0
P896,0
P897,1
P898,0
P899,0
P900,0
P901,1
P902,1
P903,0
P904,1
P905,1
P906,1
P907,0
P908,0
P909,0
P910,1
P911,0
P912,0
P913,0
P914,0
P915,1
P916,1
P917,1
P918,0
P919,0
P920,1
P921,1
P922,0
P923,1
P924,1
P925,1
P926,0
P927,0
P928,1
P929,0
P930,1
P931,0
P932,1
P933,1
P934,0
P935,0
P936,0
P937,0
P938,1
P939,0
P940,1
P941,0
P942,1
P943,1
P944,1
P945,0
P946,1
P947,0
P948,0
P949,1
P950,0
P951,0
P952,0
P953,1
P954,0
P955,0
P956,1
P957,0
P958,0
P959,0
P960,0
P961,1
P962,1
P963,1
P964,1
P965,0
P966,1
P967,1
P968,0
P969,1
P970,0
P971,0
P972,0
P973,0
P974,0
P975,0
P976,0
P977,0
P978,0
P979,1
P980,1
P981,0
P982,0
P983,1
P984,0
P985,1
P986,0
P987,0
P988,1
P989,1
P990,1
P991,0
P992,1
P993,0
P994,1
P995,0
P996,1
P997,1
P998,0
P999,0
P1000,0
P1001,1
P1002,0
P1003,1
P1004,1
P1005,1
P1006,1
P1007,1
P1008,1
P1009,0
P1010,0
P1011,0
P1012,1
P1013,0
P1014,0
P1015,0
P1016,1
P1017,1
P1018,0
P1019,1
P1020,1
P1021,0
P1022,1
P1023,1
P1024,0
P1025,1
P1026,1
P1027,1
P1028,0
P1029,0
P1030,1
P1031,0
P1032,1
P1033,1
P1034,0
P1035,1
P1036,0
P1037,0
P1038,1
P1039,0
P1040,0
P1041,1
P1042,1
P1043,0
P1044,0
P1045,1
P1046,0
P1047,1
P1048,0
P1049,1
P1050,1
P1051,1
P1052,1
P1053,0
P1054,0
P1055,0
P1056,1
P1057,1
P1058,0
P1059,0
P1060,0
P1061,1
P1062,1
P1063,1
P1064,1
P1065,0
P1066,0
P1067,1
P1068,1
P1069,0
P1070,1
P1071,1
P1072,0
P1073,0
P1074,1
P1075,0
P1076,1
P1077,0
P1078,0
P1079,1
P1080,0
P1081,1
P1082,0
P1083,0
P1084,1
P1085,0
P1086,1
P1087,1
P1088,0
P1089,1
P1090,0
P1091,0
P1092,0
P1093,0
P1094,0
P1095,0
P1096,1
P1097,0
P1098,1
P1099,0
P1100,0
P1101,0
P1102,1
P1103,0
P1104,0
P1105,1
P1106,0
P1107,0
P1108,1
P1109,1
P1110,0
P1111,1
P1112,0
P1113,0
P1114,0
P1115,1
P1116,1
P1117,0
P1118,1
P1119,1
P1120,0
P1121,1
P1122,0
P1123,1
P1124,0
P1125,1
P1126,0
P1127,0
P1128,1
P1129,0
P1130,0
P1131,1
P1132,0
P1133,0
P1134,1
P1135,1
P1136,1
P1137,1
P1138,1
P1139,1
P1140,1
P1141,1
P1142,0
P1143,1
P1144,1
P1145,1
P1146,1
P1147,1
P1148,1
P1149,0
P1150,0
P1151,0
P1152,0
P1153,0
P1154,1
P1155,1
P1156,1
P1157,0
P1158,1
P1159,1
P1160,1
P1161,0
P1162,0
P1163,0
P1164,1
P1165,1
P1166,1
P1167,0
P1168,1
P1169,1
P1170,1
P1171,0
P1172,1
P1173,0
P1174,0
P1175,1
P1176,1
P1177,0
P1178,0
P1179,0
P1180,0
P1181,0
P1182,1
P1183,1
P1184,0
P1185,1
P1186,1
P1187,0
P1188,1
P1189,1
P1190,0
P1191,1
P1192,0
P1193,1
P1194,1
P1195,1
P1196,0
P1197,1
P1198,0
P1199,0
P1200,1
P1201,0
P1202,1
P1203,1
P1204,1
P1205,1
P1206,1
P1207,0
P1208,0
P1209,1
P1210,0
P1211,1
P1212,0
P1213,1
P1214,1
P1215,1
P1216,0
P1217,1
P1218,1
P1219,0
P1220,0
P1221,0
P1222,1
P1223,0
P1224,1
P1225,0
P1226,1
P1227,1
P1228,1
P1229,0
P1230,1
P1231,1
P1232,0
P1233,1
P1234,0
P1235,0
P1236,0
P1237,1
P1238,1
P1239,1
P1240,1
P1241,0
P1242,1
P1243,1
P1244,1
P1245,0
P1246,0
P1247,1
P1248,1
P1249,1
P1250,0
P1251,0
P1252,0
P1253,0
P1254,1
P1255,0
P1256,0
P1257,1
P1258,0
P1259,0
P1260,1
P1261,1
P1262,0
P1263,1
P1264,0
P1265,1
P1266,0
P1267,1
P1268,1
P1269,1
P1270,1
P1271,0
P1272,1
P1273,0
P1274,0
P1275,0
P1276,1
P1277,1
P1278,1
P1279,1
P1280,1
P1281,1
P1282,0
P1283,1
P1284,1
P1285,0
P1286,0
P1287,1
P1288,1
P1289,1
P1290,1
P1291,1
P1292,0
P1293,0
P1294,0
P1295,1
P1296,0
P1297,0
P1298,0
P1299,0
P1300,1
P1301,0
P1302,1
P1303,0
P1304,1
P1305,0
P1306,1
P1307,1
P1308,1
P1309,1
P1310,0
P1311,0
P1312,1
P1313,0
P1314,1
P1315,0
P1316,0
P1317,1
P1318,0
P1319,1
P1320,0
P1321,0
P1322,1
P1323,1
P1324,1
P1325,0
P1326,0
P1327,0
P1328,0
P1329,0
P1330,1
P1331,1
P1332,1
P1333,1
P1334,0
P1335,1
P1336,0
P1337,0
P1338,1
P1339,0
P1340,1
P1341,1
P1342,1
P1343,1
P1344,0
P1345,0
P1346,1
P1347,1
P1348,0
P1349,1
P1350,1
P1351,0
P1352,0
P1353,0
P1354,0
P1355,1
P1356,1
P1357,0
P1358,0
P1359,0
P1360,1
P1361,1
P1362,1
P1363,1
P1364,1
P1365,0
P1366,1
P1367,0
P1368,1
P1369,0
P1370,0
P1371,1
P1372,1
P1373,0
P1374,1
P1375,1
P1376,1
P1377,1
P1378,0
P1379,0
P1380,0
P1381,0
P1382,0
P1383,0
P1384,0
P1385,0
P1386,1
P1387,1
P1388,0
P1389,1
P1390,1
P1391,1
P1392,1
P1393,1
P1394,1
P1395,0
P1396,0
P1397,1
P1398,1
P1399,0
P1400,0
P1401,1
P1402,1
P1403,1
P1404,1
P1405,0
P1406,0
P1407,1
P1408,1
P1409,1
P1410,0
P1411,0
P1412,0
P1413,0
P1414,0
P1415,0
P1416,1
P1417,1
P1418,0
P1419,1
P1420,0
P1421,0
P1422,1
P1423,1
P1424,1
P1425,0
P1426,1
P1427,1
P1428,1
P1429,1
P1430,0
P1431,1
P1432,0
P1433,0
P1434,0
P1435,0
P1436,0
P1437,1
P1438,1
P1439,1
P1440,0
P1441,0
P1442,1
P1443,1
P1444,0
P1445,0
P1446,0
P1447,0
P1448,0
P1449,0
P1450,1
P1451,1
P1452,1
P1453,1
P1454,0
P1455,1
P1456,0
P1457,0
P1458,0
P1459,1
P1460,0
P1461,0
P1462,0
P1463,0
P1464,0
P1465,1
P1466,0
P1467,1
P1468,1
P1469,0
P1470,0
P1471,1
P1472,0
P1473,0
P1474,1
P1475,1
P1476,0
P1477,0
P1478,0
P1479,1
P1480,0
P1481,0
P1482,0
P1483,1
P1484,0
P1485,0
P1486,0
P1487,1
P1488,0
P1489,0
P1490,1
P1491,0
P1492,1
P1493,0
P1494,1
P1495,0
P1496,0
P1497,1
P1498,1
P1499,0
P1500,0
P1501,1
P1502,0
P1503,1
P1504,1
P1505,0
P1506,1
P1507,0
P1508,0
P1509,1
P1510,0
P1511,1
P1512,0
P1513,1
P1514,1
P1515,0
P1516,1
P1517,1
P1518,1
P1519,1
P1520,0
P1521,0
P1522,0
P1523,1
P1524,1
P1525,1
P1526,1
P1527,1
P1528,1
P1529,0
P1530,1
P1531,0
P1532,0
P1533,0
P1534,1
P1535,1
P1536,0
P1537,1
P1538,1
P1539,1
P1540,1
P1541,0
P1542,0
P1543,1
P1544,0
P1545,0
P1546,0
P1547,0
P1548,1
P1549,0
P1550,0
P1551,0
P1552,0
P1553,0
P1554,0
P1555,0
P1556,1
P1557,1
P1558,1
P1559,0
P1560,0
P1561,0
P1562,0
P1563,1
P1564,1
P1565,1
P1566,0
P1567,0
P1568,1
P1569,0
P1570,0
P1571,0
P1572,1
P1573,0
P1574,0
P1575,1
P1576,0
P1577,1
P1578,0
P1579,1
P1580,1
P1581,0
P1582,0
P1583,1
P1584,0
P1585,1
P1586,0
P1587,0
P1588,1
P1589,1
P1590,0
P1591,0
P1592,1
P1593,1
P1594,0
P1595,0
P1596,0
P1597,1
P1598,1
P1599,0
P1600,1
P1601,1
P1602,0
P1603,0
P1604,1
P1605,0
P1606,1
P1607,1
P1608,1
P1609,0
P1610,0
P1611,0
P1612,0
P1613,0
P1614,0
P1615,0
P1616,0
P1617,1
P1618,1
P1619,0
P1620,1
P1621,0
P1622,1
P1623,0
P1624,1
P1625,0
P1626,0
P1627,1
P1628,1
P1629,1
P1630,0
P1631,0
P1632,0
P1633,1
P1634,0
P1635,0
P1636,0
P1637,0
P1638,0
P1639,0
P1640,1
P1641,1
P1642,0
P1643,1
P1644,0
P1645,1
P1646,1
P1647,1
P1648,1
P1649,0
P1650,1
P1651,0
P1652,1
P1653,1
P1654,1
P1655,1
P1656,1
P1657,1
P1658,0
P1659,0
P1660,1
P1661,1
P1662,0
P1663,0
P1664,0
P1665,0
P1666,0
P1667,0
P1668,1
P1669,0
P1670,0
P1671,1
P1672,0
P1673,1
P1674,0
P1675,0
P1676,0
P1677,1
P1678,1
P1679,0
P1680,0
P1681,0
P1682,1
P1683,1
P1684,0
P1685,0
P1686,0
P1687,0
P1688,1
P1689,1
P1690,1
P1691,0
P1692,1
P1693,1
P1694,0
P1695,0
P1696,1
P1697,1
P1698,1
P1699,1
P1700,0
P1701,0
P1702,1
P1703,1
P1704,0
P1705,1
P1706,0
P1707,0
P1708,0
P1709,1
P1710,0
P1711,0
P1712,1
P1713,1
P1714,0
P1715,0
P1716,0
P1717,1
P1718,1
P1719,0
P1720,0
P1721,0
P1722,1
P1723,1
P1724,0
P1725,0
P1726,0
P1727,1
P1728,1
P1729,0
P1730,1
P1731,0
P1732,1
P1733,0
P1734,1
P1735,0
P1736,0
P1737,0
P1738,0
P1739,1
P1740,1
P1741,1
P1742,1
P1743,0
P1744,1
P1745,0
P1746,0
P1747,1
P1748,0
P1749,0
P1750,1
P1751,0
P1752,1
P1753,0
P1754,0
P1755,1
P1756,0
P1757,1
P1758,1
P1759,1
P1760,0
P1761,1
P1762,1
P1763,0
P1764,1
P1765,0
P1766,1
P1767,0
P1768,0
P1769,0
P1770,0
P1771,0
P1772,1
P1773,0
P1774,0
P1775,1
P1776,0
P1777,1
P1778,0
P1779,1
P1780,0
P1781,0
P1782,0
P1783,0
P1784,0
P1785,1
P1786,0
P1787,1
P1788,1
P1789,1
P1790,0
P1791,1
P1792,0
P1793,1
P1794,0
P1795,0
P1796,0
P1797,0
P1798,0
P1799,1
P1800,0
P1801,0
P1802,1
P1803,1
P1804,1
P1805,1
P1806,0
P1807,0
P1808,1
P1809,1
P1810,0
P1811,1
P1812,0
P1813,1
P1814,1
P1815,0
P1816,1
P1817,1
P1818,0
P1819,0
P1820,1
P1821,1
P1822,0
P1823,1
P1824,1
P1825,1
P1826,1
P1827,0
P1828,0
P1829,0
P1830,0
P1831,1
P1832,1
P1833,0
P1834,1
P1835,1
P1836,1
P1837,1
P1838,1
P1839,0
P1840,0
P1841,1
P1842,0
P1843,1
P1844,1
P1845,0
P1846,1
P1847,0
P1848,1
P1849,0
P1850,1
P1851,1
P1852,0
P1853,1
P1854,0
P1855,0
P1856,0
P1857,0
P1858,0
P1859,0
P1860,1
P1861,0
P1862,1
P1863,1
P1864,1
P1865,0
P1866,0
P1867,0
P1868,0
P1869,1
P1870,1
P1871,1
P1872,0
P1873,1
P1874,0
P1875,1
P1876,0
P1877,0
P1878,1
P1879,1
P1880,1
P1881,1
P1882,0
P1883,0
P1884,0
P1885,0
P1886,1
P1887,0
P1888,1
P1889,1
P1890,1
P1891,1
P1892,1
P1893,1
P1894,1
P1895,0
P1896,1
P1897,1
P1898,0
P1899,0
P1900,1
P1901,0
P1902,0
P1903,1
P1904,0
P1905,1
P1906,1
P1907,1
P1908,1
P1909,0
P1910,1
P1911,1
P1912,0
P1913,0
P1914,1
P1915,0
P1916,1
P1917,1
P1918,0
P1919,0
P1920,0
P1921,1
P1922,0
P1923,0
P1924,1
P1925,1
P1926,1
P1927,1
P1928,1
P1929,1
P1930,0
P1931,1
P1932,1
P1933,1
P1934,1
P1935,1
P1936,1
P1937,0
P1938,1
P1939,1
P1940,0
P1941,1
P1942,0
P1943,0
P1944,1
P1945,1
P1946,1
P1947,1
P1948,1
P1949,0
P1950,1
P1951,1
P1952,1
P1953,1
P1954,0
P1955,0
P1956,1
P1957,1
P1958,0
P1959,0
P1960,1
P1961,1
P1962,1
P1963,0
P1964,0
P1965,0
P1966,1
P1967,0
P1968,0
P1969,1
P1970,1
P1971,0
P1972,0
P1973,1
P1974,1
P1975,0
P1976,1
P1977,1
P1978,0
P1979,0
P1980,0
P1981,0
P1982,1
P1983,0
P1984,1
P1985,1
P1986,1
P1987,1
P1988,1
P1989,1
P1990,0
P1991,1
P1992,0
P1993,1
P1994,0
P1995,0
P1996,1
P1997,0
P1998,1
P1999,1
P2000,0
